{
  "1": {
    "token": "b4oLB4f73GFnzT_Uyomm1Vxo-lI9EeSVHT33Cz5p",
    "zone_id": "XzUhML3NShwW_rzKoVPJomEFgi5WREq_"
  },
  "2": {
    "token": "9yF-cUh1rz7afA1joN0uHoy4EGsmQsUuP60xeYMU",
    "zone_id": "T5easqZzQx5L_w_lGjYs2Vlx8X-KT70R"
  },
  "3": {
    "token": "5dZIfpcI1OY89SLvxKsD2TnMBedBdMJLGCcAWX4t",
    "zone_id": "y8BDyWiGHQHkPJf_Dtr9ZlvU92027aBO"
  },
  "4": {
    "token": "_o9MHJeL9uU-9jPvajsTCMkeYu4KctUjJSoeGIzw",
    "zone_id": "NUCy8IDvjSFjBfWoaXoKO4UqRl5ldBsy"
  },
  "5": {
    "token": "zSTTsMBPOXIxuj84A_HKQSHLrw4--FK70Z9I1va9",
    "zone_id": "w2TuuSO1dgShTluByc-nhbZ0nqyNhXUN"
  },
  "6": {
    "token": "pjj7f37WIBvqS1oTl4pTv0WrxywoKqi2gvf7scZe",
    "zone_id": "VY4G0BuereAsEb0o3Z2oiGZc0bYw7c-7"
  },
  "7": {
    "token": "SAs6DUiTt5G-MZOal3Hs0FDpWO3AqMZLwFlR2uzv",
    "zone_id": "vC3QbCjDYY0gpyjleSS57MB1kdsi7MvV"
  },
  "8": {
    "token": "Al0EJHbi4NUJH54_79mVKvrhHvpPSrlNSPJzxOnb",
    "zone_id": "HsktOfjSQrCN0wA2K5irVrJr0mDAYjD6"
  },
  "9": {
    "token": "ebVBFzGTbFs5550cCFuIOs6gRiLkfUEEp64wElMM",
    "zone_id": "_2QC8fqN5Xcq_s1FjMS_VSbYu1KfdA7Q"
  },
  "10": {
    "token": "UxA1b_Opk74bvfJdwZxNR2eE0tl7mczWyuNzfmqg",
    "zone_id": "jqfQ_ri9ggM2IFs96Bey8ESwPTHMPXEy"
  },
  "11": {
    "token": "XrPJQTB55xFDUZBGKi9yU7ORzrhrDPwMB5NgROdu",
    "zone_id": "uXCfo7LWXY3wJBGjZ2ZPT9SG_WSShSgG"
  },
  "12": {
    "token": "WDno518UE0sxqhtUlCAhy6oBkErla31i5ohRDKME",
    "zone_id": "L8x4NuYmyO1stvg2g6Y2wlvYFsAgJlPz"
  },
  "13": {
    "token": "ATX6KDITmRqQybsU4iV7_f8lQjN2b4S3hkZE1ZZL",
    "zone_id": "IXn0RvMqy_IIgJGJUYBLgUJ8zw0-lHWd"
  },
  "14": {
    "token": "FAslWFmDYs2a4ESooaz6kIR-VNkAcMGNkUP8Zr1k",
    "zone_id": "5zgUBflnPXQyF31m30ye7hW1Buh34nIg"
  },
  "15": {
    "token": "4CXSrE7ifAFt3ke0ombbN2tDFUNzlCr4YKV7Ydxn",
    "zone_id": "TUQ5X3-PeIlFz0lNZp-Dwr8x9Ln8LrFv"
  },
  "16": {
    "token": "DOUOOhxG1sNydbRwGiwpNGJ3fcahepblWtw5S85S",
    "zone_id": "sbLK2DKXphiUu2Qt7h9YGvKN0yASMFlv"
  },
  "17": {
    "token": "SBM0tZMD890I2qMVcMHJyPUEFgM0F8-n5AFXJfL4",
    "zone_id": "he3CXDsHrdzeat3OFIo1NsoZ9zdHR2sg"
  },
  "18": {
    "token": "qoc0FCm6BuCrTJIOPW_wpCq8MxFeinj3HfofB7FY",
    "zone_id": "WBIlA5BolmnKixCqmmcO4FVJtd8jTHJf"
  },
  "19": {
    "token": "nIxXXMTI5jLOmfrGZYY0r_6SXLSk1bDU8BS9LHnf",
    "zone_id": "IpG_QpHpaQfutE2LHULslQW6xBqfmK_L"
  },
  "20": {
    "token": "DODFqUkYU0TJIWaAzZbL0sEZMkKv9-o9jgGEYBuM",
    "zone_id": "jYx7aluKW9sOeYXSyF9iivQZGFOYMZHq"
  },
  "21": {
    "token": "eL-2ydtTeOz97jYzcpF9jbe8QMEKJJBFWWGJkjje",
    "zone_id": "5WzvnjOZsBepZnxlaBpR-p1yQEPzxHZn"
  },
  "22": {
    "token": "UvAmfqf7fPtOdTZuHg-c1DN2a_AuyMnPqiWJi-xM",
    "zone_id": "RyiqQXtIk_1lyIeRQMMoGMtqLHVrZHI_"
  },
  "23": {
    "token": "vI8i9k71a9mbldBYBtUrEg3H87CyBFjukar-wwWL",
    "zone_id": "xqj5r3yQgEZejghz3jTXrEz4Ht6NsJ5C"
  },
  "24": {
    "token": "8iSeNyE2_QV2p-vWddGaiLVHfaeE757R3hrD_vKw",
    "zone_id": "Ik7xOuiZmMujUntdAHpnNUC8pd2HLMK_"
  },
  "25": {
    "token": "QIPOygOCdn34VHbnd-Y8WPEyhYNcm-8X94JSAsdo",
    "zone_id": "nYupXhNJS5jI5u7GrBl1HpybVrsFKOtY"
  },
  "26": {
    "token": "kuWQAyHl1QGah-x7dIeWQHuQgIDwqaiuw2R348_q",
    "zone_id": "qhlIOHtfZHK1qoq6IgVWnuezffR275rN"
  },
  "27": {
    "token": "nPT5lPOKza6SgNhfrsef9-Yr39RrH7JJwPvgNmcK",
    "zone_id": "pAMYANE24VzHThzdTaK3dztWYLJeX3D-"
  },
  "28": {
    "token": "WW1XZtM592CRruKakhyEfh4CWzQaiTS1EMZjHpbx",
    "zone_id": "MNLuJVbDjL3TCzirgX-U7TvT_i1ahezC"
  },
  "29": {
    "token": "fd-Snqk6AJX2NUfdBAZy9VH8W2oLrkiYkU10S0qN",
    "zone_id": "xXIbqETlqYSb5vP2hG6rOIM9yY3hkzsi"
  },
  "30": {
    "token": "8BwdOUkYBerWYvXM4oATVif-7iEVTI0xtfkerZwY",
    "zone_id": "Q5UIU14GkEOWFYh7HlrKp83FmW0DNtAh"
  },
  "31": {
    "token": "S4yrpmy5nlPnkFOaBxL35LwYJFutjqcevw7BrbPO",
    "zone_id": "w-SoZzn_ga2yRULpigbM6nmtJ7W9Boh2"
  },
  "32": {
    "token": "gZJpwPLOqSeiQFCnDw-JX7w843oszrXMTt8-FXIg",
    "zone_id": "1XldRjOYRzW4TDbc9l9e38q9FXdo-qqW"
  },
  "33": {
    "token": "WP0B_qkSI9Y-6MPaHDZexnEIfD1j0NNFhG3Jc6ul",
    "zone_id": "B3_71vUi08_pWjJlo2W7G50XEDPev67n"
  },
  "34": {
    "token": "z7TzLiaH9SQu0_EEPxvtmVfIxNXX_f7fxwYdKkV8",
    "zone_id": "Ju30BKtOk4hFCuALGcTpNkdPdtiECrBk"
  },
  "35": {
    "token": "fZUL4GKt156evaOwrZAiUvQchXqKG-OSNEPBFVcS",
    "zone_id": "yNV84wtpKJYWlGATMrWf6AUJtE9ZErSW"
  },
  "36": {
    "token": "PbBLdg3NR2kJ8-GGdAJxHFsK6IgD0PSxu_W0iPhO",
    "zone_id": "P60wNLR6ecHI-wBtG29ucGerV6dDC5Wi"
  },
  "37": {
    "token": "vEfewH13VRuYE8cuJCqYgbbAQiUX3ch6v9RqoXcP",
    "zone_id": "YMGPe-TDbkX1WGA_BiclqiGmv-K2RidQ"
  },
  "38": {
    "token": "NifEMnvpRkf4Vkw-Fs7RkglZAtu-EVaJOUsuKH-d",
    "zone_id": "FVD9-HklNlBsHjxnrlXbEmD2MEm8tTTj"
  },
  "39": {
    "token": "BXdS466Iei6mlSax2BUT3XlKBtZU8uy0WIBu0Qmo",
    "zone_id": "ENf2ZEq9AvOUWQBgVOtm4dvxXO35HUlF"
  },
  "40": {
    "token": "QO31VyhRNiym_O1u8YJhYJHlrMw0zxdvXvgRJAsp",
    "zone_id": "9AylBsT1Si88t8PuOyLr7EYOMNvQ5OTC"
  },
  "41": {
    "token": "mEpyeB8Du0fGUh2m2jFjV1Dp_4Yq2GQ1qQIcSBDj",
    "zone_id": "OQLob9uqufUbcHoIWhXTTUYrQvxkZdAS"
  },
  "42": {
    "token": "SvC2kCHjGV-KPmlgDJ-ddiaC50bRyMkv7ZceDCTw",
    "zone_id": "6a_41msANoc-Rx5G7wV6QYIqmiIe8zQ1"
  },
  "43": {
    "token": "-GR6BdP--hEHgtZI2A_mEcFd2IQis_keYFQ9xHde",
    "zone_id": "oosbW1LJKHvIG6tloPH_o1UvYiUOPgzm"
  },
  "44": {
    "token": "NdEDNS0uvlKBa8JwB6EbeYgFY-6BWYcShAMDw9uz",
    "zone_id": "p5MvhxTeYKFHfGrtfvP6o78ornvaVlq5"
  },
  "45": {
    "token": "iOGEqOwp00Lw5i-H1QAL8KCSUfJyqKwDQo3D4Mfs",
    "zone_id": "jw3CUFm9BNQpEo7cAgBAY3_QLJ2E6nJq"
  },
  "46": {
    "token": "9Dwip_nBcYB21s_VoE5A6DZeKzBXEhjk_7fsodih",
    "zone_id": "O0jzR9Ef-XQImH8HOwsIPxJIVjqVewKy"
  },
  "47": {
    "token": "EG6W3awvUiJoiHxQuifHgPLUJkmIywCfQPakUKzI",
    "zone_id": "N5lV50mTf18nJl8YihcMeWVIVHMPrUOq"
  },
  "48": {
    "token": "V89gkYfYtI1iIE2vjFdtKIXJUyTJUDGQ4VSrwVwV",
    "zone_id": "iFkilkHMFqB9YH4HBZcANXRNN1w8S-xI"
  },
  "49": {
    "token": "c1N0R_tGksEKdV1TOGYe40fOQ3avEvianZO6HI-G",
    "zone_id": "UmFDhExJ165WhPVq_sc_prV_4NwnuXUt"
  },
  "50": {
    "token": "Gg2-jEN-Vz1Lw5tEwltfaPSPDA77A1T6_LOqgPYa",
    "zone_id": "FsSqilnyXcqtKboy1g3ZlaBt_Zm-j1Dl"
  },
  "51": {
    "token": "eXXWWKPXfOJ6yxR67Emgk5TgRxPZJWHlLE69GEHG",
    "zone_id": "yjamgnpB79bF1EV02ZuqXJG1wANXI_p6"
  },
  "52": {
    "token": "eJQaKGm4Vca7U7iWz897rxqomRQRtNb6RCGGZ_lO",
    "zone_id": "mRCbkFCoLh1l_UmpyPMkRCkn6T0jxDa9"
  },
  "53": {
    "token": "pAxRIql9ANfv0GNjd8E2W0J6MxQ2py3yn_OizMUN",
    "zone_id": "exAyLpwnQf3TF8f6Y7SbjjhlTOpKNpgU"
  },
  "54": {
    "token": "JhYnXfzOqkub7odMyTd7bBh7Vz2pfE2TwH4m0e-z",
    "zone_id": "t2qypz20xMUSemiI7R_2QzB7h4cpi7zV"
  },
  "55": {
    "token": "SqKBJG28tDscRvQ1QSQE5Q6RVT6UBRapiMa1L-OB",
    "zone_id": "umyz_ytLcstabA7K0h-bDQEMXMPBX0e5"
  },
  "56": {
    "token": "K6Jkb0PmdawiImsD_O7JTxRZdlyw38e7uYj8pWaN",
    "zone_id": "EnID5y2pGkmdaEIv-ZH41NPZvM_O-vMg"
  },
  "57": {
    "token": "DxtuWki4IX5BPqFekxgvZGBqkcg_x0w_21G-aQgG",
    "zone_id": "NcrEIpZiF_3u9f7mC15YdUGoq5yiKn5K"
  },
  "58": {
    "token": "Wq0jX4GVMKavGWlAzPXmI2jUicusRmzGvteIiJnx",
    "zone_id": "IZs_SJvvwT5w1IXPqTQ-SR1MNiaeEel2"
  },
  "59": {
    "token": "OdH0auF9AzNgiX53DD9_liPZDF9jtX6MuunELV9i",
    "zone_id": "mihHf8NU7NEYkrL8wwmYHf8zIXuIX-df"
  },
  "60": {
    "token": "4tK2Z4O2TWZSpKuH1yYdd_CR-zOdP0gxtxt4I9RD",
    "zone_id": "Vhu1Onp9L8U3oAm5eNqii_hGur_u0OmJ"
  },
  "61": {
    "token": "FwuwXCSqRCSxA833sfA_us12IaBzoZvfv-SRCbEj",
    "zone_id": "CP4OKI3pyDrXyQKk9CrLmvRrJjkvuHgb"
  },
  "62": {
    "token": "HFy85AaetwNj3AwrlYJi_4OK-ZJ_587cUNinvn4j",
    "zone_id": "-IQR3DrHRCjKadeWjqcfuYOUAJBCZH5J"
  },
  "63": {
    "token": "5O5A4EN6Y2yQMZ3LXcyjMDky7MPudnjesoVEUHwR",
    "zone_id": "Yn8RBzQpEJhbVrDpc9gj7PaNJZmEejAs"
  },
  "64": {
    "token": "7Eh2QebueMYqh0SzzyZaWBWuux2YA4qiWCWvaBq3",
    "zone_id": "xC7f4OvF2sumebopr8xJQi_UqoHViw3R"
  },
  "65": {
    "token": "gHyTGuFawbWojql6IcWVAI9Zx7537mlzJstum5dB",
    "zone_id": "vH1zyKU-5SZQ6X1bqGt9Mg6qtQ2Yy3ML"
  },
  "66": {
    "token": "tgQ31S4EbFVlmMzAxh0nmPOTKWBHgMYAyDN44lLN",
    "zone_id": "YLsV7XQxK68NTFVs9_Yx7MKqevSYYV7k"
  },
  "67": {
    "token": "ZbupeUIGt9et8sf8wpZ2Md1kYOrjgNCr_2sDs6dw",
    "zone_id": "gFfxMqyayTERvOTRcaNU5G9l6LA4S4IY"
  },
  "68": {
    "token": "JKayylMFOHFjw44pXyNo4NeulJpG3EHUz8Hc-gSw",
    "zone_id": "wvhwsjgApnIy_EAQDIHAvGF2lKJJqCsR"
  },
  "69": {
    "token": "1H_RDvSNuKHAA9_xljaolbPSqCGpvUaBJWy5ZN4C",
    "zone_id": "fpf1kB023t0WKBXqG_FEHzJ3ML0M7MWG"
  },
  "70": {
    "token": "LQ_lyzQP8NcLnnrmI1Niymt-V3Y_beMUvia5OYFo",
    "zone_id": "g3zDfLCuf21JeBD6MQMPq8Yo13JclaOr"
  },
  "71": {
    "token": "DcU2hgiUDTQcN9ZE8_zWfQcWE-2PJI-BBbhnr_Vk",
    "zone_id": "faGc8lIeEvJ4natyEiFl_Dgx5VnGDtzb"
  },
  "72": {
    "token": "nJJ1IqJFJ0ATN7WZD4b7gNUGCvzS8GeAeBffFJ4X",
    "zone_id": "VGsbG9eI-rd0xYx7tiwr4OcMOXHV-iaK"
  },
  "73": {
    "token": "kK3vRVbJUe6lG6A9YMJy1h4gMh75aXlPsZBf6esk",
    "zone_id": "gC0vR-JVVvYjz2efm45mqYTPqfxOoguy"
  },
  "74": {
    "token": "8VthQWvRnMvPPPvdlPg_JEXjb9OxS_QW6aClobyb",
    "zone_id": "ecSWuL5krxkGMETgLWHpwEmpna1IZvz5"
  },
  "75": {
    "token": "w-G2HamNBd8s_rY3GPjpcnQVXCE4pXU5mQkSRGoY",
    "zone_id": "NCX_1NNqO4pCtAg3uLHryRLdNvCLK2Nx"
  },
  "76": {
    "token": "3soJWrVt2KaKZruTwvJIWFTNRkNqgNo5mUVy-w7P",
    "zone_id": "C_J4yp8dmBAjZlWidStmuGxXgswH55at"
  },
  "77": {
    "token": "L5-g-eXMADAIaYK9wST-7v_O1eD4iY4djfbnmQUY",
    "zone_id": "DFqRvSw5ntQa7eoefLgY1OrIFH5N_zFl"
  },
  "78": {
    "token": "Kqp4mj_4BpUOb8athQ7OTvxafDyQW8lRSHVxd7zl",
    "zone_id": "naN5Q2xO_BcWr6tACZx0SJ8Kh6aaTNM5"
  },
  "79": {
    "token": "CjHMTC8uHodT0yYDCTH935hhFfVRQYp2l6NQwo3K",
    "zone_id": "BI1Z6gmG7CJReLyLPWj2QDSiHbJrLCD1"
  },
  "80": {
    "token": "-_wk0VqWzdRluMVulc3qHX4YJ3D1dwYnZhjRjLRB",
    "zone_id": "K1eL5wGUdU7P1OLnsFewnGwuwIaZG-cE"
  },
  "81": {
    "token": "vaBK3LW-lgw4m3WOXZAEG4e1JDE9ySdBWsYFZOnV",
    "zone_id": "k9jp_hFwDV1gGwU836uGTf4w7tfiVFzx"
  },
  "82": {
    "token": "XjTCCVbVuL0U8wTTwn0z6a32PKwWv3vwB9uzgP9o",
    "zone_id": "U5mBN02c31scushU6KB-HP_w5DCIAoCM"
  },
  "83": {
    "token": "ZTJt50z_eIWoVtDod22QOu9uznvdyCbcicaEZ6-k",
    "zone_id": "Yfx40w0AtN1sn6TnOM2NBNHXnLJfrX40"
  },
  "84": {
    "token": "wUYqDV5oVyMwmRyzfFzevXd8CNEuTZi_kXfMWrbN",
    "zone_id": "SGJoebkUsBlhxAS9bDkNYSB3UfhYNwkU"
  },
  "85": {
    "token": "gbDIo5-C3UG6Ig6AYh6O9TEmE2ZREhrrbE3og5Bw",
    "zone_id": "kgo3kZh86RqqNTS2Qe4yUfvNOLidWDem"
  },
  "86": {
    "token": "46dqUNpn3W25Pr2N0oTvO4_vBXnMe5zpg3sp2WGk",
    "zone_id": "n6DlGigYWWJ1YgQuFY76cpxJjsrQJ2HY"
  },
  "87": {
    "token": "1fgI9HcQ5Y5tj9sJMc5jcJlAQTCH0f_TZvhXUm7S",
    "zone_id": "55bnUpWx8IBEHDKdMvr-tcwr1bL-jAgY"
  },
  "88": {
    "token": "D7lbCqlYjzje2nVBVzJm1453znHnurMVsO38cv1z",
    "zone_id": "ns9E6OAN-RdJow0MFZDMMixE8_eYwcku"
  },
  "89": {
    "token": "87qRkHvHx1J36hR_-s2aiJXvxAUK1jO_a-Ivu-oA",
    "zone_id": "4vwR9QMRGsTnfNH4tGceLTrvgdm9mgmq"
  },
  "90": {
    "token": "puJoc1GfrOIy6aFfIUSO9Qailj0mWjPv7KUqF1ap",
    "zone_id": "VRuoDLEAr3-Hzy7D2Cx8FnYZmHTLNOMI"
  },
  "91": {
    "token": "v5-hlF2XM1cD8ZhAJtDeqJ5seee3LRfrk6mHTmGV",
    "zone_id": "nqSu4JzER3J0jzFPWAu8HOtyo85KdTC0"
  },
  "92": {
    "token": "sxuDr64MkpoCGJo4889Z92OzIzKbJTdzzbJCuQER",
    "zone_id": "z9GXwPF0nYhGbpvD97MMtYI1yOO9u2Rr"
  },
  "93": {
    "token": "KQ48U6TKKgLz9FPcVBJSVYF1FO6H9a93h2sbSPmQ",
    "zone_id": "rulVEw-utt1sG18hUdNlMitocHcvqCEz"
  },
  "94": {
    "token": "KjJcKGDdT5byJkwmsSqzB4ZdLF04Ygh-ECy1MWSb",
    "zone_id": "A4nru4n9I7yvEfq-qxNWS6A4lAZHgYuU"
  },
  "95": {
    "token": "lRpB9tvOGFy6q5sHwwhmaUD5aOPRJZB9osVHlQzv",
    "zone_id": "RANEej_yRIZFhx82RQQqURiVtbhksjap"
  },
  "96": {
    "token": "JitJ7jtceyakcDE6reSG4SQ1YFeAgUQTUI36p55L",
    "zone_id": "uWkvuY3mwPYoLUM8UByOlRZrKb5uunSX"
  },
  "97": {
    "token": "3OvQ1AuCNihavKMteKNcVkxrKhpQrjKS4XT_a5RX",
    "zone_id": "EEXmNkl1xt7oWzirwdj31KxPKpNiSnJO"
  },
  "98": {
    "token": "vGhp0rPvm5ub4SdqJJjClMTOCIiQef8zAjcpzwER",
    "zone_id": "Xe2EcdiQm2743EdMjAXZkPyER0YQAgIg"
  },
  "99": {
    "token": "Or2Hk59ilWwXHAX_E666K8s60amYsnvIA-2B-tNT",
    "zone_id": "-PwkdIB72g7YnUlzvPsiCVF0WZBpEP_6"
  },
  "100": {
    "token": "YLveOVJC2MixX3uzo1BtTu55GNIJRluN7b-zIIFg",
    "zone_id": "eEd5yq7NkURO833IviJp0iSfuIa2ls3y"
  },
  "101": {
    "token": "aQhLjjEj1FxSOQjxA_FhjTHkNuHKiiYZi53mis4G",
    "zone_id": "tYZzpJ79DHstzwyfYD5QbJIBVaBN6EHJ"
  },
  "102": {
    "token": "Wp63fCq_9GRh_hHpOTy1etpxfuvp1QQUMXeFK5uM",
    "zone_id": "SBkTOsEnisDhMHocu_5vh2vfUZqRdkxV"
  },
  "103": {
    "token": "uTWXyifPM_pSbBVd_oAUUvgvHUbbH3MdAdOms1XS",
    "zone_id": "AZs3j7bPQZGocDBRjrgYbuXFCSFhaqpC"
  },
  "104": {
    "token": "vyqvXBKzq99r6N6-QYWwUU7U5kFVKPGXOqco5OcR",
    "zone_id": "JtPbIP6G5qCwgo8Cm3Nb7TBQkJMDFQQO"
  },
  "105": {
    "token": "qOxeZHP54i5Ko6xEvtnItTeAJlttHkOZ5Tg0bPY9",
    "zone_id": "voQjMivLUchaBJ17CST8WYu4C9tIoUU1"
  },
  "106": {
    "token": "6-H_WL7QadpeI0Zk-ZT5cThg0BzVfCh5-1kvZ3bB",
    "zone_id": "WXAHpCAtWWSDo9l4TJKfgwllufYqInCz"
  },
  "107": {
    "token": "HqZycB0HTCFlFCItgsGyBKj9I3mYanGgtWPLMz9n",
    "zone_id": "ALU-QckILqZ4Lg74Y-DL7r59iWJ7cYVS"
  },
  "108": {
    "token": "Uxo2VvZn687I_FFdzlzIv29tQJuLHt9LYQjW_Cs2",
    "zone_id": "LMUEB1vrU-K5H2jIOb9nKZnTWrZprr9W"
  },
  "109": {
    "token": "GTzrohf2-eMnLGv-P72mmuWwcku_Py4ojRwZvNai",
    "zone_id": "weHlj0s9YjJ5UzR9PoSiK12zOmtxutaJ"
  },
  "110": {
    "token": "6hltXpZZz4X-UjxezAy6axFk1727CKYZNqzvS5Sv",
    "zone_id": "5hv_f5jOrIZQDxjxDFcKYXr9DV-EexLe"
  },
  "111": {
    "token": "xdH0rJ11OE3rmXgWvr05wfOQ0VW4kgClBqXm4U_D",
    "zone_id": "BSaMtCVlxpvIceUt3PCKWrBSD4yyc-Z4"
  },
  "112": {
    "token": "PqE7rn_trcXTKT-yr7qhVIbw98xUARAW60SCx7eT",
    "zone_id": "-XR9-u7lypDAfnTTfJL6pM-VQiTIR1wP"
  },
  "113": {
    "token": "ZtrnmwYo8eYpJk-WOj2FW_BjbC5Bi3k9AzB9dDwJ",
    "zone_id": "AxMr637Q9YLQv9EqFu7ztAwuJEYnawDH"
  },
  "114": {
    "token": "4UXqgiYwIBkEQxEDyon6s-0FjL28I02IHfWBHhj1",
    "zone_id": "mVFLepxo_KaXd7U1U2kfKdAPyR3TzMu0"
  },
  "115": {
    "token": "R7pVuRb2pUsBBNLHxF4h2WVTg1_BMWBQ5DGncyA0",
    "zone_id": "omRRCqkR9BzreP_jelQvd5nG4BbL6-fX"
  },
  "116": {
    "token": "ZaK6MYlGyv-MVLfH68jZYHFriY5oovksZih4PEVm",
    "zone_id": "fjXB0n2A0Km1C_jDpNGm5ocPbaW3ZNnl"
  },
  "117": {
    "token": "riGlHtIpHWW2ik8cdSnHigaygozdRJ5yZ_9wb-ZD",
    "zone_id": "PyMJdeQAIrqvTsJHXYQqI2BmSjLj84y1"
  },
  "118": {
    "token": "jmTrqNWMJAADNGFMdrKwl4v3-vrW4BN7pSGkj3Mu",
    "zone_id": "8bUi4OVn4KD-78R4uYfYY3OMUCqMS0um"
  },
  "119": {
    "token": "KUbX4JEMbNyKJAGlrewpPnoGx_HKDEdd4zwqs8DG",
    "zone_id": "bxhaqxmHMOHTZgMiLdObR5CcGNNIhKRt"
  },
  "120": {
    "token": "QAD_1PjMIXCYRtmQlasa9YkkvG2tPJVaETiMsLIH",
    "zone_id": "CsqXR_GwISkX_nbUDehrFdcnfCdpCRz9"
  },
  "121": {
    "token": "z_WV1WjothdORTMm4CsjeqBnoD0kr2rmEsIOwQmc",
    "zone_id": "9WYy-FMndtGS6DxpLvBuiWXcwRGkktEt"
  },
  "122": {
    "token": "3KIUpS6lHdZFTS9FyJOwWq59EdYK-_KoxWnrQvoB",
    "zone_id": "UnCAviuJvd_r3xDYi8-Y_9HzXhfdedt3"
  },
  "123": {
    "token": "_D1dFw6qdKclFa7NjLvDmfJmfoTiI5TgagHdNJdo",
    "zone_id": "bV5h38VkKsd7X25pLh2PwIz1UrEJ6KLL"
  },
  "124": {
    "token": "KeFxpT4-mJe0LjnPeZBAI31k2vIHrA2LZmVKqV_9",
    "zone_id": "AJ2IcmtZ-o0vpgNMj1PjRji-WcwmC1l4"
  },
  "125": {
    "token": "1j098W5-BIu01uqEPyuByCrpMbjPzL3HxAsUb1kd",
    "zone_id": "dNOOJX8kJTRjGajkClTKA6mlydHf10Og"
  },
  "126": {
    "token": "errYG7Sn5wCpJS8EdEHUzzq2q00bEhVuGIdGq9OP",
    "zone_id": "Xt_MyO2k4eBp3eWvYXjDrlv4ysk3-7kF"
  },
  "127": {
    "token": "4RaFK2sX0fpFqLGPgc6tjDi_AR5EmKyFFh3zW4X-",
    "zone_id": "R07mALGfKNP-4nTGE8zbgYBxouWayJ8S"
  },
  "128": {
    "token": "Bfm_Pc5ym64XJE9C48_raRUS01X_v9YgYEy3sQzS",
    "zone_id": "28rQK-VJ9k6KTvF42h1yattGykdCZaqA"
  },
  "129": {
    "token": "de5lG595Rirx-eeJUWqSCdXUlnvcEUV8h23o2ZGF",
    "zone_id": "qIFhMYj9c8Me8ulyz9dpZjInl6pc9HON"
  },
  "130": {
    "token": "sZhDrNuakCXN38qh5RVJlAa_CVen81fMocTf1NUV",
    "zone_id": "J_WDNtf9exjqm0bMzVOOjLRWQjE6jUFO"
  },
  "131": {
    "token": "O0mPezjDB-wYy4_IKXbSf_K5pFLqhjDjYgh12HW0",
    "zone_id": "YU4MaF8AJquNrwA535cNCqJviXyXKsVd"
  },
  "132": {
    "token": "tzbJ-oe64v1JKmHh2RPdQ6YQ5K39VDfMeMyWxubB",
    "zone_id": "KnlTtZ0Dn45LuHy5LleoNY7JL8ZqnhUX"
  },
  "133": {
    "token": "7kParhV_emJnap1wMNo4PeLAO5IHNrAtq3pzdMjl",
    "zone_id": "keuBAfqfsqSJJY4Xb6hjXtrw3QNGT1oQ"
  },
  "134": {
    "token": "du87oKSfSxt5VK_geLeCA7GuYuWe79NKRF3qyzSK",
    "zone_id": "Qg5GQGOCacqVld8QhEjZ1GDEQf-LHxj1"
  },
  "135": {
    "token": "qk65SNGuYvouyEw6d7zxftsL1L7ZFnuZ3cc2Mi2e",
    "zone_id": "wiLzYQbBbRbYSfqBI2nDSJwYd5nSlpKD"
  },
  "136": {
    "token": "T4_LKCNmYDKslP5oeRa0IXWAoBglEBWN44D2WMXF",
    "zone_id": "5LuIgpOYKppOaG6_htJ7fcSSTMIOngR0"
  },
  "137": {
    "token": "E39NhIWnLiN9rq7OWj7BbRRXWElzGeZrXHZHeA4t",
    "zone_id": "DLTL0jW7psuGmz59D5DihCg1kZxuiu6K"
  },
  "138": {
    "token": "LMRj8kvFNtVoq7i7BJRTt8Vaf_GrdqgigLmRm1X5",
    "zone_id": "rtV0ZC6UUxD5G28mUaiVokMPkWnrmkb1"
  },
  "139": {
    "token": "vCjR4YGIS0-nib27c5t4V9ElNz1j6o7nhllkmsQN",
    "zone_id": "MtQpRQ0o_fk7kVqMR2qst88MYdrFXxrA"
  },
  "140": {
    "token": "2U2S_EoJJL2ghGTd7H9GyfxC1VeN5G26zDg-aAFt",
    "zone_id": "ikbLAsR3KNnVMMkXHLvxZaSpuGaZo2QJ"
  },
  "141": {
    "token": "WEdd3BPcrT4Nb4ZT1_OlwGbbtloweJc3NXFfwm3c",
    "zone_id": "DfU7iAPK5RQjzkBit7oti4XZIrU_b2av"
  },
  "142": {
    "token": "EgsPZA0Ab-jIaJB2CXFam31Skr_ytVsMW7mQtwja",
    "zone_id": "XLeg-L-HZe9WyHg6x5lLmIlaKm-K_FZZ"
  },
  "143": {
    "token": "bxXA7H0Y4PfBpVes3V6IAnatKDsyGQaMp1wzMEX9",
    "zone_id": "YhCfq4UPeIG01OuBejtj-_vg13nft-kM"
  },
  "144": {
    "token": "CDuWIxxnpqmg0MZlj_Heag3Bp1KNfMBdWL-AxIXo",
    "zone_id": "D0IF5xYvDp7wGZRoS6OCJRa36cIH_TwY"
  },
  "145": {
    "token": "qmbPcDoFH1T2fBZJcMok495rgbRb97ZUxIvjzeUe",
    "zone_id": "fvwEo_pLcT9k0pLHMdYR55BoJzPdTXbZ"
  },
  "146": {
    "token": "RnN3lCRPt1l36McRCyig0wKj54BSNE3jRPAZIaML",
    "zone_id": "Ki5PUB4Cc0fmN0rKLf9c-yZJ4jEJXVfR"
  },
  "147": {
    "token": "6oEX4H6ZqSi0SSgi7UpStlDjVdQ-c5Ep3TJz21R-",
    "zone_id": "eA_Sib3MVXqqIVX8jYakJfpGqCt5N6ht"
  },
  "148": {
    "token": "MnUdP8pD0UrTAZ_6GM_VeeGgVIwISGDGu1_M2XHL",
    "zone_id": "oINMCbbvWzUSgUCzZWzpJMXt2ZXRBcDl"
  },
  "150": {
    "token": "2_7x1BM7C_5-evuS2dhFpdbR6A4V3VWRKUz1VirV",
    "zone_id": "7qvTtCRQFBpp2fe1mZEmnyjZ8UsRSAnS"
  },
  "7545471466": {
    "token": "goubPGWlynpJOSITvNus3Iau0aFxo-Chd1ERrLmi",
    "zone_id": "f337b1200bb8fc1e9f9fad286d9751ad"
  },
  "6477171367": {
    "token": "UvJBBPHDVp7GoSnc3PozFUZC8BxFsozVHWvIyu_R",
    "zone_id": "8453e0f205af14cfd6cccf83ac8fbfe4"
  }
}