[
  {
    "id": 7545471466,
    "username": "JesVpnt",
    "first_name": "Kang Vpn"
  },
  {
    "id": 5521096873,
    "username": "zesvpn",
    "first_name": "Jesvpn"
  },
  {
    "id": 6687478923,
    "username": "freenet_on",
    "first_name": "LITE"
  },
  {
    "id": 1234567001,
    "username": "vpnmaster1",
    "first_name": "Master"
  },
  {
    "id": 1234567002,
    "username": "vpnzone2",
    "first_name": "Zone"
  },
  {
    "id": 1234567003,
    "username": "securevpn3",
    "first_name": "Secure"
  },
  {
    "id": 1234567004,
    "username": "fastnet4",
    "first_name": "Fast"
  },
  {
    "id": 1234567005,
    "username": "ultravpn5",
    "first_name": "Ultra"
  },
  {
    "id": 1234567006,
    "username": "vpnindo6",
    "first_name": "Indo"
  },
  {
    "id": 1234567007,
    "username": "supervpn7",
    "first_name": "Super"
  },
  {
    "id": 1234567008,
    "username": "netid8",
    "first_name": "NetID"
  },
  {
    "id": 1234567009,
    "username": "vpnglobal9",
    "first_name": "Global"
  },
  {
    "id": 1234567010,
    "username": "idfastvpn10",
    "first_name": "IDFast"
  },
  {
    "id": 1234567011,
    "username": "xtremetunnel11",
    "first_name": "Xtreme"
  },
  {
    "id": 1234567012,
    "username": "netsecure12",
    "first_name": "NetSecure"
  },
  {
    "id": 1234567013,
    "username": "vipaccess13",
    "first_name": "VIP"
  },
  {
    "id": 1234567014,
    "username": "infranet14",
    "first_name": "Infra"
  },
  {
    "id": 1234567015,
    "username": "connectid15",
    "first_name": "Connect"
  },
  {
    "id": 1234567016,
    "username": "stealthvpn16",
    "first_name": "Stealth"
  },
  {
    "id": 1234567017,
    "username": "privatenet17",
    "first_name": "Private"
  },
  {
    "id": 1234567018,
    "username": "vpnuser18",
    "first_name": "User18"
  },
  {
    "id": 1234567019,
    "username": "vpnuser19",
    "first_name": "User19"
  },
  {
    "id": 1234567020,
    "username": "vpnuser20",
    "first_name": "User20"
  },
  {
    "id": 1234567021,
    "username": "vpnuser21",
    "first_name": "User21"
  },
  {
    "id": 1234567022,
    "username": "vpnuser22",
    "first_name": "User22"
  },
  {
    "id": 1234567023,
    "username": "vpnuser23",
    "first_name": "User23"
  },
  {
    "id": 1234567024,
    "username": "vpnuser24",
    "first_name": "User24"
  },
  {
    "id": 1234567025,
    "username": "vpnuser25",
    "first_name": "User25"
  },
  {
    "id": 1234567026,
    "username": "vpnuser26",
    "first_name": "User26"
  },
  {
    "id": 1234567027,
    "username": "vpnuser27",
    "first_name": "User27"
  },
  {
    "id": 1234567028,
    "username": "vpnuser28",
    "first_name": "User28"
  },
  {
    "id": 1234567029,
    "username": "vpnuser29",
    "first_name": "User29"
  },
  {
    "id": 1234567030,
    "username": "vpnuser30",
    "first_name": "User30"
  },
  {
    "id": 1234567031,
    "username": "vpnuser31",
    "first_name": "User31"
  },
  {
    "id": 1234567032,
    "username": "vpnuser32",
    "first_name": "User32"
  },
  {
    "id": 1234567033,
    "username": "vpnuser33",
    "first_name": "User33"
  },
  {
    "id": 1234567034,
    "username": "vpnuser34",
    "first_name": "User34"
  },
  {
    "id": 1234567035,
    "username": "vpnuser35",
    "first_name": "User35"
  },
  {
    "id": 1234567036,
    "username": "vpnuser36",
    "first_name": "User36"
  },
  {
    "id": 1234567037,
    "username": "vpnuser37",
    "first_name": "User37"
  },
  {
    "id": 1234567038,
    "username": "vpnuser38",
    "first_name": "User38"
  },
  {
    "id": 1234567039,
    "username": "vpnuser39",
    "first_name": "User39"
  },
  {
    "id": 1234567040,
    "username": "vpnuser40",
    "first_name": "User40"
  },
  {
    "id": 1234567041,
    "username": "vpnuser41",
    "first_name": "User41"
  },
  {
    "id": 1234567042,
    "username": "vpnuser42",
    "first_name": "User42"
  },
  {
    "id": 1234567043,
    "username": "vpnuser43",
    "first_name": "User43"
  },
  {
    "id": 1234567044,
    "username": "vpnuser44",
    "first_name": "User44"
  },
  {
    "id": 1234567045,
    "username": "vpnuser45",
    "first_name": "User45"
  },
  {
    "id": 1234567046,
    "username": "vpnuser46",
    "first_name": "User46"
  },
  {
    "id": 1234567047,
    "username": "vpnuser47",
    "first_name": "User47"
  },
  {
    "id": 1234567048,
    "username": "vpnuser48",
    "first_name": "User48"
  },
  {
    "id": 1234567049,
    "username": "vpnuser49",
    "first_name": "User49"
  },
  {
    "id": 1234567050,
    "username": "vpnuser50",
    "first_name": "User50"
  },
  {
    "id": 1234567051,
    "username": "vpnuser51",
    "first_name": "User51"
  },
  {
    "id": 1234567052,
    "username": "vpnuser52",
    "first_name": "User52"
  },
  {
    "id": 1234567053,
    "username": "vpnuser53",
    "first_name": "User53"
  },
  {
    "id": 1234567054,
    "username": "vpnuser54",
    "first_name": "User54"
  },
  {
    "id": 1234567055,
    "username": "vpnuser55",
    "first_name": "User55"
  },
  {
    "id": 1234567056,
    "username": "vpnuser56",
    "first_name": "User56"
  },
  {
    "id": 1234567057,
    "username": "vpnuser57",
    "first_name": "User57"
  },
  {
    "id": 1234567058,
    "username": "vpnuser58",
    "first_name": "User58"
  },
  {
    "id": 1234567059,
    "username": "vpnuser59",
    "first_name": "User59"
  },
  {
    "id": 1234567060,
    "username": "vpnuser60",
    "first_name": "User60"
  },
  {
    "id": 1234567061,
    "username": "vpnuser61",
    "first_name": "User61"
  },
  {
    "id": 1234567062,
    "username": "vpnuser62",
    "first_name": "User62"
  },
  {
    "id": 1234567063,
    "username": "vpnuser63",
    "first_name": "User63"
  },
  {
    "id": 1234567064,
    "username": "vpnuser64",
    "first_name": "User64"
  },
  {
    "id": 1234567065,
    "username": "vpnuser65",
    "first_name": "User65"
  },
  {
    "id": 1234567066,
    "username": "vpnuser66",
    "first_name": "User66"
  },
  {
    "id": 1234567067,
    "username": "vpnuser67",
    "first_name": "User67"
  },
  {
    "id": 1234567068,
    "username": "vpnuser68",
    "first_name": "User68"
  },
  {
    "id": 1234567069,
    "username": "vpnuser69",
    "first_name": "User69"
  },
  {
    "id": 1234567070,
    "username": "vpnuser70",
    "first_name": "User70"
  },
  {
    "id": 1234567071,
    "username": "vpnuser71",
    "first_name": "User71"
  },
  {
    "id": 1234567072,
    "username": "vpnuser72",
    "first_name": "User72"
  },
  {
    "id": 1234567073,
    "username": "vpnuser73",
    "first_name": "User73"
  },
  {
    "id": 1234567074,
    "username": "vpnuser74",
    "first_name": "User74"
  },
  {
    "id": 1234567075,
    "username": "vpnuser75",
    "first_name": "User75"
  },
  {
    "id": 1234567076,
    "username": "vpnuser76",
    "first_name": "User76"
  },
  {
    "id": 1234567077,
    "username": "vpnuser77",
    "first_name": "User77"
  },
  {
    "id": 1234567078,
    "username": "vpnuser78",
    "first_name": "User78"
  },
  {
    "id": 1234567079,
    "username": "vpnuser79",
    "first_name": "User79"
  },
  {
    "id": 1234567080,
    "username": "vpnuser80",
    "first_name": "User80"
  },
  {
    "id": 1234567081,
    "username": "vpnuser81",
    "first_name": "User81"
  },
  {
    "id": 1234567082,
    "username": "vpnuser82",
    "first_name": "User82"
  },
  {
    "id": 1234567083,
    "username": "vpnuser83",
    "first_name": "User83"
  },
  {
    "id": 1234567084,
    "username": "vpnuser84",
    "first_name": "User84"
  },
  {
    "id": 1234567085,
    "username": "vpnuser85",
    "first_name": "User85"
  },
  {
    "id": 1234567086,
    "username": "vpnuser86",
    "first_name": "User86"
  },
  {
    "id": 1234567087,
    "username": "vpnuser87",
    "first_name": "User87"
  },
  {
    "id": 1234567088,
    "username": "vpnuser88",
    "first_name": "User88"
  },
  {
    "id": 1234567089,
    "username": "vpnuser89",
    "first_name": "User89"
  },
  {
    "id": 1234567090,
    "username": "vpnuser90",
    "first_name": "User90"
  },
  {
    "id": 1234567091,
    "username": "vpnuser91",
    "first_name": "User91"
  },
  {
    "id": 1234567092,
    "username": "vpnuser92",
    "first_name": "User92"
  },
  {
    "id": 1234567093,
    "username": "vpnuser93",
    "first_name": "User93"
  },
  {
    "id": 1234567094,
    "username": "vpnuser94",
    "first_name": "User94"
  },
  {
    "id": 1234567095,
    "username": "vpnuser95",
    "first_name": "User95"
  },
  {
    "id": 1234567096,
    "username": "vpnuser96",
    "first_name": "User96"
  },
  {
    "id": 1234567097,
    "username": "vpnuser97",
    "first_name": "User97"
  },
  {
    "id": 1234567098,
    "username": "vpnuser98",
    "first_name": "User98"
  },
  {
    "id": 1234567099,
    "username": "vpnuser99",
    "first_name": "User99"
  },
  {
    "id": 1234567100,
    "username": "vpnuser100",
    "first_name": "User100"
  },
  {
    "id": 1234567101,
    "username": "vpnuser101",
    "first_name": "User101"
  },
  {
    "id": 1234567102,
    "username": "vpnuser102",
    "first_name": "User102"
  },
  {
    "id": 1234567103,
    "username": "vpnuser103",
    "first_name": "User103"
  },
  {
    "id": 1234567104,
    "username": "vpnuser104",
    "first_name": "User104"
  },
  {
    "id": 1234567105,
    "username": "vpnuser105",
    "first_name": "User105"
  },
  {
    "id": 1234567106,
    "username": "vpnuser106",
    "first_name": "User106"
  },
  {
    "id": 1234567107,
    "username": "vpnuser107",
    "first_name": "User107"
  },
  {
    "id": 1234567108,
    "username": "vpnuser108",
    "first_name": "User108"
  },
  {
    "id": 1234567109,
    "username": "vpnuser109",
    "first_name": "User109"
  },
  {
    "id": 1234567110,
    "username": "vpnuser110",
    "first_name": "User110"
  },
  {
    "id": 1234567111,
    "username": "vpnuser111",
    "first_name": "User111"
  },
  {
    "id": 1234567112,
    "username": "vpnuser112",
    "first_name": "User112"
  },
  {
    "id": 1234567113,
    "username": "vpnuser113",
    "first_name": "User113"
  },
  {
    "id": 1234567114,
    "username": "vpnuser114",
    "first_name": "User114"
  },
  {
    "id": 1234567115,
    "username": "vpnuser115",
    "first_name": "User115"
  },
  {
    "id": 1234567116,
    "username": "vpnuser116",
    "first_name": "User116"
  },
  {
    "id": 1234567117,
    "username": "vpnuser117",
    "first_name": "User117"
  },
  {
    "id": 1234567118,
    "username": "vpnuser118",
    "first_name": "User118"
  },
  {
    "id": 1234567119,
    "username": "vpnuser119",
    "first_name": "User119"
  },
  {
    "id": 1234567120,
    "username": "vpnuser120",
    "first_name": "User120"
  },
  {
    "id": 1234567121,
    "username": "vpnuser121",
    "first_name": "User121"
  },
  {
    "id": 1234567122,
    "username": "vpnuser122",
    "first_name": "User122"
  },
  {
    "id": 1234567123,
    "username": "vpnuser123",
    "first_name": "User123"
  },
  {
    "id": 1234567124,
    "username": "vpnuser124",
    "first_name": "User124"
  },
  {
    "id": 1234567125,
    "username": "vpnuser125",
    "first_name": "User125"
  },
  {
    "id": 1234567126,
    "username": "vpnuser126",
    "first_name": "User126"
  },
  {
    "id": 1234567127,
    "username": "vpnuser127",
    "first_name": "User127"
  },
  {
    "id": 1234567128,
    "username": "vpnuser128",
    "first_name": "User128"
  },
  {
    "id": 1234567129,
    "username": "vpnuser129",
    "first_name": "User129"
  },
  {
    "id": 1234567130,
    "username": "vpnuser130",
    "first_name": "User130"
  },
  {
    "id": 1234567131,
    "username": "vpnuser131",
    "first_name": "User131"
  },
  {
    "id": 1234567132,
    "username": "vpnuser132",
    "first_name": "User132"
  },
  {
    "id": 1234567133,
    "username": "vpnuser133",
    "first_name": "User133"
  },
  {
    "id": 1234567134,
    "username": "vpnuser134",
    "first_name": "User134"
  },
  {
    "id": 1234567135,
    "username": "vpnuser135",
    "first_name": "User135"
  },
  {
    "id": 1234567136,
    "username": "vpnuser136",
    "first_name": "User136"
  },
  {
    "id": 1234567137,
    "username": "vpnuser137",
    "first_name": "User137"
  },
  {
    "id": 1234567138,
    "username": "vpnuser138",
    "first_name": "User138"
  },
  {
    "id": 1234567139,
    "username": "vpnuser139",
    "first_name": "User139"
  },
  {
    "id": 1234567140,
    "username": "vpnuser140",
    "first_name": "User140"
  },
  {
    "id": 1234567141,
    "username": "vpnuser141",
    "first_name": "User141"
  },
  {
    "id": 1234567142,
    "username": "vpnuser142",
    "first_name": "User142"
  },
  {
    "id": 1234567143,
    "username": "vpnuser143",
    "first_name": "User143"
  },
  {
    "id": 1234567144,
    "username": "vpnuser144",
    "first_name": "User144"
  },
  {
    "id": 1234567145,
    "username": "vpnuser145",
    "first_name": "User145"
  },
  {
    "id": 1234567146,
    "username": "vpnuser146",
    "first_name": "User146"
  },
  {
    "id": 1234567147,
    "username": "vpnuser147",
    "first_name": "User147"
  },
  {
    "id": 1234567148,
    "username": "vpnuser148",
    "first_name": "User148"
  },
  {
    "id": 1234567149,
    "username": "vpnuser149",
    "first_name": "User149"
  },
  {
    "id": 1234567150,
    "username": "vpnuser150",
    "first_name": "User150"
  },
  {
    "id": 1234567151,
    "username": "vpnuser151",
    "first_name": "User151"
  },
  {
    "id": 1234567152,
    "username": "vpnuser152",
    "first_name": "User152"
  },
  {
    "id": 1234567153,
    "username": "vpnuser153",
    "first_name": "User153"
  },
  {
    "id": 1234567154,
    "username": "vpnuser154",
    "first_name": "User154"
  },
  {
    "id": 1234567155,
    "username": "vpnuser155",
    "first_name": "User155"
  },
  {
    "id": 1234567156,
    "username": "vpnuser156",
    "first_name": "User156"
  },
  {
    "id": 1234567157,
    "username": "vpnuser157",
    "first_name": "User157"
  },
  {
    "id": 1234567158,
    "username": "vpnuser158",
    "first_name": "User158"
  },
  {
    "id": 1234567159,
    "username": "vpnuser159",
    "first_name": "User159"
  },
  {
    "id": 1234567160,
    "username": "vpnuser160",
    "first_name": "User160"
  },
  {
    "id": 1234567161,
    "username": "vpnuser161",
    "first_name": "User161"
  },
  {
    "id": 1234567162,
    "username": "vpnuser162",
    "first_name": "User162"
  },
  {
    "id": 1234567163,
    "username": "vpnuser163",
    "first_name": "User163"
  },
  {
    "id": 1234567164,
    "username": "vpnuser164",
    "first_name": "User164"
  },
  {
    "id": 1234567165,
    "username": "vpnuser165",
    "first_name": "User165"
  },
  {
    "id": 1234567166,
    "username": "vpnuser166",
    "first_name": "User166"
  },
  {
    "id": 1234567167,
    "username": "vpnuser167",
    "first_name": "User167"
  },
  {
    "id": 1234567168,
    "username": "vpnuser168",
    "first_name": "User168"
  },
  {
    "id": 1234567169,
    "username": "vpnuser169",
    "first_name": "User169"
  },
  {
    "id": 1234567170,
    "username": "vpnuser170",
    "first_name": "User170"
  },
  {
    "id": 1234567171,
    "username": "vpnuser171",
    "first_name": "User171"
  },
  {
    "id": 1234567172,
    "username": "vpnuser172",
    "first_name": "User172"
  },
  {
    "id": 1234567173,
    "username": "vpnuser173",
    "first_name": "User173"
  },
  {
    "id": 1234567174,
    "username": "vpnuser174",
    "first_name": "User174"
  },
  {
    "id": 1234567175,
    "username": "vpnuser175",
    "first_name": "User175"
  },
  {
    "id": 1234567176,
    "username": "vpnuser176",
    "first_name": "User176"
  },
  {
    "id": 1234567177,
    "username": "vpnuser177",
    "first_name": "User177"
  },
  {
    "id": 1170185238,
    "username": "hhopppeeee",
    "first_name": "Yafi"
  },
  {
    "id": 1080972429,
    "username": "Abel_Zie",
    "first_name": "Ozone"
  },
  {
    "id": 5838585103,
    "username": "Rudixzz",
    "first_name": "Rudi"
  },
  {
    "id": 7100876698,
    "username": "Irwanmocka",
    "first_name": "U"
  },
  {
    "id": 5618786852,
    "username": "-",
    "first_name": "pengagum"
  },
  {
    "id": 7401878952,
    "username": "lamzy_49",
    "first_name": "Ryo"
  },
  {
    "id": 7771753639,
    "username": "-",
    "first_name": "Nakano"
  },
  {
    "id": 6285234805,
    "username": "RafanSTR",
    "first_name": "RafanSTR"
  },
  {
    "id": 2052155240,
    "username": "juucyworld",
    "first_name": "kuda lumpink"
  },
  {
    "id": 6718961815,
    "username": "Daffvpn",
    "first_name": "Daffa"
  },
  {
    "id": 6981624813,
    "username": "SALTO2V",
    "first_name": "BAKOUL TAHU"
  },
  {
    "id": 6389176425,
    "username": "Rerechan02",
    "first_name": "れれちゃん02 | レレちゃん02"
  },
  {
    "id": 7314902084,
    "username": "Subqyyy",
    "first_name": "Subki☕"
  },
  {
    "id": 1867428031,
    "username": "Xyz123_xx",
    "first_name": "8"
  },
  {
    "id": 5927746942,
    "username": "KumarRin",
    "first_name": "KumarRin"
  },
  {
    "id": 6111525461,
    "username": "RONYARTCONFIG",
    "first_name": "SANGGAR PREMIUM"
  },
  {
    "id": 5588821261,
    "username": "DpJokerr",
    "first_name": "๔קгครคςtเς๏ᴶᴼᴷᴱᴿᴿ"
  },
  {
    "id": 6678665909,
    "username": "Purnama1809",
    "first_name": "Purnama"
  },
  {
    "id": 8136497280,
    "username": "Aethernal09",
    "first_name": "Aethernal09"
  },
  {
    "id": 7746317995,
    "username": "-",
    "first_name": "Ach♤♡◇♧"
  },
  {
    "id": 6674704009,
    "username": "-",
    "first_name": "Hendrawan"
  },
  {
    "id": 1818806129,
    "username": "Ynkts_S",
    "first_name": "Sugeng"
  },
  {
    "id": 456600460,
    "username": "Xbornio",
    "first_name": "Ramadhan"
  },
  {
    "id": 5273360155,
    "username": "Wawagaming",
    "first_name": "Aoi"
  },
  {
    "id": 1746329942,
    "username": "masgexo",
    "first_name": "🔬 🇬"
  },
  {
    "id": 6005487506,
    "username": "-",
    "first_name": "Xxxx"
  },
  {
    "id": 8060554197,
    "username": "mercurystore12",
    "first_name": "MERCURY"
  },
  {
    "id": 7289169035,
    "username": "-",
    "first_name": "Yoon"
  },
  {
    "id": 5083359845,
    "username": "zayne208",
    "first_name": "Zay"
  },
  {
    "id": 5727071507,
    "username": "-",
    "first_name": "Lelutak"
  },
  {
    "id": 6999543567,
    "username": "ang_sigmaa",
    "first_name": "ang"
  },
  {
    "id": 7989318473,
    "username": "-",
    "first_name": "Syarif"
  },
  {
    "id": 7511811798,
    "username": "freelanceindo56",
    "first_name": "DORAEMON"
  },
  {
    "id": 6581367649,
    "username": "alwuahhab96",
    "first_name": "Abdul"
  },
  {
    "id": 7866573335,
    "username": "-",
    "first_name": "Ahmad"
  },
  {
    "id": 6794215703,
    "username": "dyyzsml",
    "first_name": "𝕯𝖎𝖙𝖙 🐥"
  },
  {
    "id": 6865071834,
    "username": "GanzTzyyy",
    "first_name": "WhoAngga?"
  },
  {
    "id": 1117053480,
    "username": "-",
    "first_name": "Aryyathy"
  },
  {
    "id": 2129788424,
    "username": "-",
    "first_name": "Muhammad"
  },
  {
    "id": 6269332901,
    "username": "SepBdx",
    "first_name": "Sep"
  },
  {
    "id": 2146146298,
    "username": "Al4444442",
    "first_name": ":)"
  },
  {
    "id": 6952961767,
    "username": "-",
    "first_name": "Mahfud"
  },
  {
    "id": 7545471466,
    "username": "JesVpnt",
    "first_name": "Kang Vpn"
  },
  {
    "id": 3393595841,
    "username": "user1",
    "first_name": "User 1"
  },
  {
    "id": 5690980754,
    "username": "user2",
    "first_name": "User 2"
  },
  {
    "id": 4239258815,
    "username": "user3",
    "first_name": "User 3"
  },
  {
    "id": 3185088183,
    "username": "user4",
    "first_name": "User 4"
  },
  {
    "id": 4948242756,
    "username": "user5",
    "first_name": "User 5"
  },
  {
    "id": 5709128164,
    "username": "user6",
    "first_name": "User 6"
  },
  {
    "id": 3962926333,
    "username": "user7",
    "first_name": "User 7"
  },
  {
    "id": 8589090870,
    "username": "user8",
    "first_name": "User 8"
  },
  {
    "id": 9299411529,
    "username": "user9",
    "first_name": "User 9"
  },
  {
    "id": 6122601807,
    "username": "user10",
    "first_name": "User 10"
  },
  {
    "id": 8470792199,
    "username": "user11",
    "first_name": "User 11"
  },
  {
    "id": 6048604444,
    "username": "user12",
    "first_name": "User 12"
  },
  {
    "id": 5295400793,
    "username": "user13",
    "first_name": "User 13"
  },
  {
    "id": 5182865980,
    "username": "user14",
    "first_name": "User 14"
  },
  {
    "id": 1121908119,
    "username": "user15",
    "first_name": "User 15"
  },
  {
    "id": 3223240056,
    "username": "user16",
    "first_name": "User 16"
  },
  {
    "id": 6367280038,
    "username": "user17",
    "first_name": "User 17"
  },
  {
    "id": 5264017600,
    "username": "user18",
    "first_name": "User 18"
  },
  {
    "id": 5517460632,
    "username": "user19",
    "first_name": "User 19"
  },
  {
    "id": 3490129024,
    "username": "user20",
    "first_name": "User 20"
  },
  {
    "id": 6542612224,
    "username": "user21",
    "first_name": "User 21"
  },
  {
    "id": 7847537084,
    "username": "user22",
    "first_name": "User 22"
  },
  {
    "id": 5221217912,
    "username": "user23",
    "first_name": "User 23"
  },
  {
    "id": 1891866631,
    "username": "user24",
    "first_name": "User 24"
  },
  {
    "id": 3775630590,
    "username": "user25",
    "first_name": "User 25"
  },
  {
    "id": 4515733674,
    "username": "user26",
    "first_name": "User 26"
  },
  {
    "id": 2145304413,
    "username": "user27",
    "first_name": "User 27"
  },
  {
    "id": 1536582298,
    "username": "user28",
    "first_name": "User 28"
  },
  {
    "id": 9635917191,
    "username": "user29",
    "first_name": "User 29"
  },
  {
    "id": 4586555600,
    "username": "user30",
    "first_name": "User 30"
  },
  {
    "id": 1577673364,
    "username": "user31",
    "first_name": "User 31"
  },
  {
    "id": 7098226279,
    "username": "user32",
    "first_name": "User 32"
  },
  {
    "id": 6246267474,
    "username": "user33",
    "first_name": "User 33"
  },
  {
    "id": 1090543850,
    "username": "user34",
    "first_name": "User 34"
  },
  {
    "id": 3656163020,
    "username": "user35",
    "first_name": "User 35"
  },
  {
    "id": 3142063944,
    "username": "user36",
    "first_name": "User 36"
  },
  {
    "id": 5684941310,
    "username": "user37",
    "first_name": "User 37"
  },
  {
    "id": 6679203119,
    "username": "user38",
    "first_name": "User 38"
  },
  {
    "id": 3406117148,
    "username": "user39",
    "first_name": "User 39"
  },
  {
    "id": 4002580190,
    "username": "user40",
    "first_name": "User 40"
  },
  {
    "id": 5359675925,
    "username": "user41",
    "first_name": "User 41"
  },
  {
    "id": 6334813999,
    "username": "user42",
    "first_name": "User 42"
  },
  {
    "id": 1858411971,
    "username": "user43",
    "first_name": "User 43"
  },
  {
    "id": 4891129776,
    "username": "user44",
    "first_name": "User 44"
  },
  {
    "id": 7855445811,
    "username": "user45",
    "first_name": "User 45"
  },
  {
    "id": 7640869402,
    "username": "user46",
    "first_name": "User 46"
  },
  {
    "id": 3736091515,
    "username": "user47",
    "first_name": "User 47"
  },
  {
    "id": 4193302900,
    "username": "user48",
    "first_name": "User 48"
  },
  {
    "id": 3830150747,
    "username": "user49",
    "first_name": "User 49"
  },
  {
    "id": 3805665849,
    "username": "user50",
    "first_name": "User 50"
  },
  {
    "id": 6828361863,
    "username": "user51",
    "first_name": "User 51"
  },
  {
    "id": 9805197837,
    "username": "user52",
    "first_name": "User 52"
  },
  {
    "id": 2042986879,
    "username": "user53",
    "first_name": "User 53"
  },
  {
    "id": 8674057772,
    "username": "user54",
    "first_name": "User 54"
  },
  {
    "id": 2376416619,
    "username": "user55",
    "first_name": "User 55"
  },
  {
    "id": 3844182710,
    "username": "user56",
    "first_name": "User 56"
  },
  {
    "id": 8690147420,
    "username": "user57",
    "first_name": "User 57"
  },
  {
    "id": 2079534806,
    "username": "user58",
    "first_name": "User 58"
  },
  {
    "id": 1523923165,
    "username": "user59",
    "first_name": "User 59"
  },
  {
    "id": 6100332470,
    "username": "user60",
    "first_name": "User 60"
  },
  {
    "id": 4988204986,
    "username": "user61",
    "first_name": "User 61"
  },
  {
    "id": 5406115309,
    "username": "user62",
    "first_name": "User 62"
  },
  {
    "id": 5180211437,
    "username": "user63",
    "first_name": "User 63"
  },
  {
    "id": 7947315802,
    "username": "user64",
    "first_name": "User 64"
  },
  {
    "id": 3007819063,
    "username": "user65",
    "first_name": "User 65"
  },
  {
    "id": 8744319177,
    "username": "user66",
    "first_name": "User 66"
  },
  {
    "id": 2795549587,
    "username": "user67",
    "first_name": "User 67"
  },
  {
    "id": 7590907789,
    "username": "user68",
    "first_name": "User 68"
  },
  {
    "id": 3305104997,
    "username": "user69",
    "first_name": "User 69"
  },
  {
    "id": 8189254485,
    "username": "user70",
    "first_name": "User 70"
  },
  {
    "id": 9309743489,
    "username": "user71",
    "first_name": "User 71"
  },
  {
    "id": 3975427476,
    "username": "user72",
    "first_name": "User 72"
  },
  {
    "id": 7144240109,
    "username": "user73",
    "first_name": "User 73"
  },
  {
    "id": 2235756566,
    "username": "user74",
    "first_name": "User 74"
  },
  {
    "id": 3746597112,
    "username": "user75",
    "first_name": "User 75"
  },
  {
    "id": 8460562706,
    "username": "user76",
    "first_name": "User 76"
  },
  {
    "id": 7078447301,
    "username": "user77",
    "first_name": "User 77"
  },
  {
    "id": 8053226710,
    "username": "user78",
    "first_name": "User 78"
  },
  {
    "id": 1478366641,
    "username": "user79",
    "first_name": "User 79"
  },
  {
    "id": 7825888083,
    "username": "user80",
    "first_name": "User 80"
  },
  {
    "id": 8234816108,
    "username": "user81",
    "first_name": "User 81"
  },
  {
    "id": 4471344389,
    "username": "user82",
    "first_name": "User 82"
  },
  {
    "id": 7500143478,
    "username": "user83",
    "first_name": "User 83"
  },
  {
    "id": 5055829974,
    "username": "user84",
    "first_name": "User 84"
  },
  {
    "id": 5076853066,
    "username": "user85",
    "first_name": "User 85"
  },
  {
    "id": 2897396113,
    "username": "user86",
    "first_name": "User 86"
  },
  {
    "id": 3821733724,
    "username": "user87",
    "first_name": "User 87"
  },
  {
    "id": 5161791754,
    "username": "user88",
    "first_name": "User 88"
  },
  {
    "id": 7709719445,
    "username": "user89",
    "first_name": "User 89"
  },
  {
    "id": 3548018455,
    "username": "user90",
    "first_name": "User 90"
  },
  {
    "id": 8819735275,
    "username": "user91",
    "first_name": "User 91"
  },
  {
    "id": 3555810255,
    "username": "user92",
    "first_name": "User 92"
  },
  {
    "id": 4495548355,
    "username": "user93",
    "first_name": "User 93"
  },
  {
    "id": 6567491370,
    "username": "user94",
    "first_name": "User 94"
  },
  {
    "id": 5778217437,
    "username": "user95",
    "first_name": "User 95"
  },
  {
    "id": 6852444873,
    "username": "user96",
    "first_name": "User 96"
  },
  {
    "id": 4744448133,
    "username": "user97",
    "first_name": "User 97"
  },
  {
    "id": 8078690440,
    "username": "user98",
    "first_name": "User 98"
  },
  {
    "id": 3954120278,
    "username": "user99",
    "first_name": "User 99"
  },
  {
    "id": 8699226460,
    "username": "user100",
    "first_name": "User 100"
  },
  {
    "id": 7506919421,
    "username": "user101",
    "first_name": "User 101"
  },
  {
    "id": 9413524293,
    "username": "user102",
    "first_name": "User 102"
  },
  {
    "id": 4608243619,
    "username": "user103",
    "first_name": "User 103"
  },
  {
    "id": 8434380206,
    "username": "user104",
    "first_name": "User 104"
  },
  {
    "id": 6188777048,
    "username": "user105",
    "first_name": "User 105"
  },
  {
    "id": 8996002030,
    "username": "user106",
    "first_name": "User 106"
  },
  {
    "id": 1313721733,
    "username": "user107",
    "first_name": "User 107"
  },
  {
    "id": 6600647394,
    "username": "user108",
    "first_name": "User 108"
  },
  {
    "id": 7683273703,
    "username": "user109",
    "first_name": "User 109"
  },
  {
    "id": 9976978853,
    "username": "user110",
    "first_name": "User 110"
  },
  {
    "id": 7216863325,
    "username": "user111",
    "first_name": "User 111"
  },
  {
    "id": 7863883859,
    "username": "user112",
    "first_name": "User 112"
  },
  {
    "id": 7709013094,
    "username": "user113",
    "first_name": "User 113"
  },
  {
    "id": 9107509256,
    "username": "user114",
    "first_name": "User 114"
  },
  {
    "id": 5379701941,
    "username": "user115",
    "first_name": "User 115"
  },
  {
    "id": 2066430170,
    "username": "user116",
    "first_name": "User 116"
  },
  {
    "id": 4064679026,
    "username": "user117",
    "first_name": "User 117"
  },
  {
    "id": 3326024497,
    "username": "user118",
    "first_name": "User 118"
  },
  {
    "id": 7517848232,
    "username": "user119",
    "first_name": "User 119"
  },
  {
    "id": 6247162038,
    "username": "user120",
    "first_name": "User 120"
  },
  {
    "id": 6343941753,
    "username": "user121",
    "first_name": "User 121"
  },
  {
    "id": 8079649551,
    "username": "user122",
    "first_name": "User 122"
  },
  {
    "id": 5759545347,
    "username": "user123",
    "first_name": "User 123"
  },
  {
    "id": 4457363241,
    "username": "user124",
    "first_name": "User 124"
  },
  {
    "id": 4955759782,
    "username": "user125",
    "first_name": "User 125"
  },
  {
    "id": 3427305185,
    "username": "user126",
    "first_name": "User 126"
  },
  {
    "id": 8772467437,
    "username": "user127",
    "first_name": "User 127"
  },
  {
    "id": 5473769429,
    "username": "user128",
    "first_name": "User 128"
  },
  {
    "id": 8374154311,
    "username": "user129",
    "first_name": "User 129"
  },
  {
    "id": 5018804018,
    "username": "user130",
    "first_name": "User 130"
  },
  {
    "id": 1922850305,
    "username": "user131",
    "first_name": "User 131"
  },
  {
    "id": 9671015123,
    "username": "user132",
    "first_name": "User 132"
  },
  {
    "id": 3822112994,
    "username": "user133",
    "first_name": "User 133"
  },
  {
    "id": 2110793310,
    "username": "user134",
    "first_name": "User 134"
  },
  {
    "id": 8434626663,
    "username": "user135",
    "first_name": "User 135"
  },
  {
    "id": 4164426199,
    "username": "user136",
    "first_name": "User 136"
  },
  {
    "id": 3147952008,
    "username": "user137",
    "first_name": "User 137"
  },
  {
    "id": 8668790440,
    "username": "user138",
    "first_name": "User 138"
  },
  {
    "id": 5499414937,
    "username": "user139",
    "first_name": "User 139"
  },
  {
    "id": 9761970713,
    "username": "user140",
    "first_name": "User 140"
  },
  {
    "id": 6106795924,
    "username": "user141",
    "first_name": "User 141"
  },
  {
    "id": 3715377296,
    "username": "user142",
    "first_name": "User 142"
  },
  {
    "id": 4683646619,
    "username": "user143",
    "first_name": "User 143"
  },
  {
    "id": 1316426506,
    "username": "user144",
    "first_name": "User 144"
  },
  {
    "id": 6622904430,
    "username": "user145",
    "first_name": "User 145"
  },
  {
    "id": 8864554506,
    "username": "user146",
    "first_name": "User 146"
  },
  {
    "id": 8382331178,
    "username": "user147",
    "first_name": "User 147"
  },
  {
    "id": 6341504751,
    "username": "user148",
    "first_name": "User 148"
  },
  {
    "id": 2059049496,
    "username": "user149",
    "first_name": "User 149"
  },
  {
    "id": 2063669586,
    "username": "user150",
    "first_name": "User 150"
  },
  {
    "id": 5748540778,
    "username": "-",
    "first_name": "Agus"
  },
  {
    "id": 7918602468,
    "username": "-",
    "first_name": "Dit"
  },
  {
    "id": 7005972958,
    "username": "Create_dika",
    "first_name": "dika Txy"
  },
  {
    "id": 6447416716,
    "username": "rmblvpn1",
    "first_name": "RMBL"
  },
  {
    "id": 1064515748,
    "username": "Rafasya354",
    "first_name": "Raffasya"
  },
  {
    "id": 1469571593,
    "username": "Sainistor",
    "first_name": "Saini Store"
  },
  {
    "id": 6941460220,
    "username": "Panca_lim",
    "first_name": "Rey"
  },
  {
    "id": 1171144553,
    "username": "feelsjb",
    "first_name": "𝐂𝐚𝐧 𝐈 𝐡𝐞𝐥𝐩 𝐲𝐨𝐮?"
  },
  {
    "id": 5938836319,
    "username": "Tiandhy",
    "first_name": "Tiandhy"
  },
  {
    "id": 8022010342,
    "username": "-",
    "first_name": "Pramu"
  },
  {
    "id": 5189624495,
    "username": "PHEACKERIDXX1",
    "first_name": "™MASTER TUNNEL"
  },
  {
    "id": 7049996316,
    "username": "-",
    "first_name": "Bangkit"
  },
  {
    "id": 1295155251,
    "username": "Rico0702",
    "first_name": "Riko"
  },
  {
    "id": 6259731302,
    "username": "rudz040",
    "first_name": "rudy"
  },
  {
    "id": 2125685122,
    "username": "Jikupay",
    "first_name": "Jiku"
  },
  {
    "id": 6853209910,
    "username": "dff681",
    "first_name": "MAX"
  },
  {
    "id": 2028119082,
    "username": "buljambret",
    "first_name": "amar"
  },
  {
    "id": 6726461181,
    "username": "-",
    "first_name": "JOKEY"
  },
  {
    "id": 5266981549,
    "username": "Devilisters_4",
    "first_name": "X"
  },
  {
    "id": 1508449998,
    "username": "Matiu52",
    "first_name": "Matius"
  },
  {
    "id": 6575821766,
    "username": "BangAlshi",
    "first_name": "ALSHI"
  },
  {
    "username": "-",
    "first_name": "-"
  },
  {
    "id": 5647587841,
    "username": "Komar295",
    "first_name": "Komar"
  },
  {
    "id": 6477171367,
    "username": "xznotdev",
    "first_name": "Ekuzika"
  }
]